Nombre,Clasificacion,Altura_Jugador,Peso_Jugador,Pie_Dominante,Edad,Control_Balon,Posicion_Ataque,Pase_Corto,Pase_Largo,Velocidad,Stamina,Agilidad,Cabezazo,Potencia_Disparo,Remate,Disparo_Largo,Penaltis
James Rodríguez,87,180,75,0,31,85,80,84,80,75,68,82,62,86,82,91,81
Carlos Bacca,83,181,77,1,36,80,87,72,50,83,74,78,76,78,88,70,79
Juan Cuadrado,83,179,71,1,34,85,78,77,73,93,83,91,58,84,71,80,65
Falcao,82,177,72,1,36,81,85,67,53,68,68,85,90,78,83,76,84
Jeison Murillo,80,182,78,1,30,63,45,61,61,78,74,78,80,68,37,13,46
David Ospina,79,183,80,1,34,32,16,36,32,34,29,44,15,35,10,12,26
José Izquierdo,78,171,75,1,30,78,75,69,63,93,84,90,60,78,71,77,58
Duván Zapata,78,189,88,1,31,76,78,64,38,78,69,65,78,86,81,64,64
Teófilo Gutiérrez,78,178,82,1,37,83,81,77,69,67,68,76,73,78,80,76,72
Dorlan Pabón,78,168,73,1,34,79,79,69,70,86,83,82,51,86,78,77,80
Fredy Montero,78,176,73,1,35,86,77,78,68,74,74,87,75,80,78,82,77
Bernardo Espinosa,78,192,84,1,33,63,33,75,62,66,63,55,78,56,39,42,52
Cristian Zapata,78,186,78,1,36,52,35,50,58,69,68,59,76,60,22,28,38
Adrián Ramos,78,185,74,1,36,75,78,69,55,83,72,75,86,76,78,64,72
Davinson Sánchez,77,187,79,1,26,62,34,65,61,75,69,64,81,74,40,44,44
Daniel Torres,77,183,81,1,33,72,62,76,75,57,80,68,61,73,55,61,72
Felipe Pardo,77,178,83,1,32,78,79,70,67,79,67,77,67,83,75,75,67
Juan Fernando Quintero,77,169,64,0,29,83,62,78,75,72,47,88,42,83,64,73,71
Jhon Córdoba,77,185,85,1,29,73,76,69,54,85,77,66,74,82,73,68,69
Luis Muriel,77,178,79,1,31,86,76,74,55,90,72,86,52,80,76,71,74
Dayro Moreno,77,177,73,1,37,76,77,69,62,71,74,74,69,81,78,80,80
Carlos Sánchez,77,182,82,0,36,75,58,78,76,68,84,64,70,72,48,68,62
Sebastián Pérez,76,176,70,1,29,79,66,80,78,66,78,69,50,72,50,73,52
Alexander Mejía,76,178,79,1,34,69,58,74,73,63,90,66,51,67,33,56,37
Frank Fabra,76,172,72,0,31,73,61,68,51,90,90,82,69,67,46,54,55
Éder Balanta,76,181,84,0,29,70,45,61,60,74,74,60,75,55,36,34,43
Santiago Arias,76,176,68,1,30,70,65,72,72,84,88,78,62,52,35,50,56
Fabián Castillo,76,173,68,1,30,79,75,62,56,93,81,91,45,74,68,70,61
Óscar Murillo,76,183,79,0,34,56,29,61,65,73,66,53,75,43,42,35,32
Macnelly Torres,76,175,72,1,38,79,75,81,77,53,66,83,53,79,63,77,62
Hugo Rodallega,75,181,72,1,37,75,75,69,60,80,77,79,74,76,76,72,74
Rafael Santos Borré,75,174,70,1,27,74,77,68,61,81,64,82,74,72,77,76,66
Luis Quiñones,75,178,70,0,31,73,70,68,66,92,72,88,51,71,70,67,54
William Tesillo,75,184,78,0,32,60,40,60,59,62,69,46,68,27,22,26,30
Yimmi Chará,75,165,68,1,31,73,69,72,65,91,74,93,49,70,67,61,62
Jefferson Lerma,75,179,70,1,28,75,58,76,71,79,90,76,58,80,56,71,58
Avilés Hurtado,75,171,65,1,35,76,75,74,68,88,79,91,62,67,75,62,70
Camilo Vargas,75,185,82,0,33,19,12,23,24,48,35,55,24,25,16,13,46
Víctor Ibarbo,75,188,80,1,32,76,76,68,51,95,79,79,68,81,64,70,70
Abel Aguilar,75,185,80,1,37,70,68,75,69,38,73,56,73,71,59,60,59
Christian Marrugo,75,177,75,1,37,75,75,78,76,71,73,73,58,70,66,68,63
Daniel Bocanegra,74,182,76,1,35,72,53,72,59,74,85,59,72,72,42,73,52
Leiton Jiménez,74,186,77,1,33,58,45,61,53,77,79,67,68,65,47,49,60
Fernando Uribe,74,181,76,1,34,75,76,58,49,74,70,69,72,76,75,64,74
Edwin Cardona,74,188,91,1,30,77,74,74,70,60,65,68,60,86,70,85,64
Ricardo Laborde,74,174,65,1,34,75,72,65,63,83,75,81,56,75,71,69,63
Andrés Pérez,74,180,75,1,42,69,69,72,71,49,66,64,55,75,55,74,62
Andrés Ibargüen,73,168,64,1,30,63,66,69,62,90,58,91,44,63,65,66,53
James Sánchez,73,177,67,1,34,71,71,76,74,70,72,76,61,67,57,72,62
Andrés Felipe Roa,73,175,69,1,29,75,65,76,66,81,65,84,57,58,63,59,58
Anderson Plata,73,173,65,1,32,69,76,58,49,91,63,80,66,71,74,72,53
Carlos Carbonero,73,179,73,1,32,79,71,78,75,84,64,78,48,77,67,81,63
Juan Caicedo,73,187,79,1,33,68,74,62,37,72,63,63,79,73,73,63,71
Jefferson Duque,73,183,79,1,35,71,78,62,57,68,69,66,68,80,70,72,82
Farid Díaz,73,170,72,0,39,72,62,71,62,78,76,80,65,77,37,49,61
Freddy Hinestroza,73,179,72,0,32,75,75,66,67,88,70,86,71,80,52,69,47
Wilmar Barrios,73,179,69,1,29,65,60,70,65,61,90,67,59,53,30,39,32
Jefferson Cuero,73,173,66,0,34,72,67,65,58,93,81,86,65,75,66,63,58
Angelo Rodríguez,73,182,79,1,33,74,80,63,38,69,69,54,68,74,74,59,64
David Silva,73,175,74,1,36,70,69,76,70,75,90,78,39,70,67,67,55
Guillermo Celis,73,177,74,1,29,68,59,79,74,75,85,75,67,57,52,34,37
Leandro Castellanos,73,183,78,1,38,23,19,24,22,45,25,45,15,22,18,16,24
José Cuadrado,73,181,79,1,37,24,16,25,25,50,33,55,19,24,12,20,23
Carlos Lizarazo,73,171,67,0,31,70,68,73,71,82,60,83,48,70,56,71,69
Diego Arias,73,170,65,1,37,71,54,73,70,69,77,77,59,72,53,64,60
Jonathan Estrada,73,182,74,0,39,75,70,75,67,64,60,70,55,72,60,70,71
Darwin Quintero,73,166,66,1,35,72,78,72,71,86,70,90,55,73,68,59,59
Juan Camilo Zúñiga,73,172,72,1,37,78,70,74,70,84,68,88,54,76,56,72,67
Elkin Soto,73,179,75,0,42,75,59,78,76,34,55,65,53,67,58,65,71
Óscar Estupiñán,72,182,76,0,26,68,75,48,47,70,75,65,80,70,76,60,63
Daniel Buitrago,72,177,75,0,31,70,69,71,68,72,56,74,34,70,66,74,56
Baldomero Perlaza,72,187,83,1,30,67,67,68,65,55,83,50,72,54,41,39,48
Estéfano Arango,72,170,63,1,28,63,66,72,57,87,77,83,60,60,62,55,65
Alexis Pérez,72,183,80,0,28,60,41,63,55,70,60,61,63,39,29,36,40
Dario Rodríguez,72,174,68,1,27,76,76,75,58,78,68,85,49,66,75,68,63
Daniel Hernández,72,176,65,0,30,72,68,70,65,79,78,82,40,64,60,57,53
Roger Martínez,72,180,85,1,28,71,69,66,59,77,66,64,64,72,70,65,68
Andrés Mosquera,72,182,74,1,32,59,37,66,56,71,74,55,72,58,36,45,31
Yony González,72,182,75,1,28,72,72,72,70,72,85,80,62,73,63,72,50
Marlon Piedrahita,72,175,72,1,37,71,58,71,70,77,87,71,58,67,59,64,69
Jorge Aguirre,72,169,68,1,35,71,68,72,64,84,72,84,59,75,65,70,60
Felipe Aguilar,72,190,82,1,29,61,43,56,59,52,76,38,72,59,33,43,39
Didier Moreno,72,178,71,1,31,66,53,72,64,69,90,68,61,55,30,36,37
Ayron del Valle,72,175,67,1,33,70,66,66,50,80,76,80,60,76,76,74,78
Yeison Gordillo,72,176,73,1,30,69,64,66,65,53,90,71,53,63,26,60,39
Francisco Meza,72,184,73,1,31,59,37,58,67,69,63,60,71,35,31,23,33
Jonathan Lopera,72,181,77,1,35,69,65,69,67,68,82,65,74,58,61,68,65
Harrison Henao,72,181,70,1,35,64,59,68,72,69,86,73,64,81,60,74,70
Alexis Henríquez,72,191,90,0,39,43,23,58,65,32,33,32,79,57,30,32,49
Luis Carlos Arias,72,167,70,0,37,71,72,69,64,74,75,76,67,75,65,74,66
Diego Álvarez,72,173,70,1,41,72,74,68,57,63,33,75,76,68,73,67,56
David González,72,194,84,1,40,25,15,23,22,37,26,44,11,20,12,12,15
Máyer Candelo,72,170,65,0,45,77,68,80,77,38,27,70,50,67,60,73,60
Aldo Leão Ramírez,73,175,76,1,41,72,66,73,72,66,68,77,55,76,68,70,69
Mauricio Molina,72,176,66,0,42,73,67,73,70,75,58,68,43,77,69,76,78
Marlos Moreno,71,173,67,1,26,69,69,69,57,88,62,86,34,81,64,51,51
Carlos Henao,71,187,85,0,34,52,25,48,30,53,70,44,68,75,30,62,78
Jown Cardona,68,169,68,1,27,69,62,62,51,73,66,75,42,53,60,68,55
Johan Arango,72,182,76,1,31,70,75,70,63,80,62,77,41,75,74,75,72
Michael Barrios,71,162,59,1,31,70,66,64,54,90,77,92,49,74,66,59,53
Deiver Machado,71,172,70,0,29,65,62,66,57,86,84,71,57,55,52,54,57
Alex Castro,71,172,65,0,28,63,58,74,76,82,63,83,28,62,64,56,36
Jherson Vergara,71,187,80,1,28,54,13,49,45,69,67,55,73,15,15,12,19
Helibelton Palacios,71,177,75,1,29,57,53,62,67,90,91,68,59,65,27,25,39
Daniel Rosero Valencia,71,181,81,1,29,50,43,56,49,76,91,63,77,48,33,36,49
Wilder Guisao,71,179,76,1,31,73,71,63,71,80,73,78,59,74,71,74,69
Luis Páez,71,182,73,0,36,68,72,54,44,68,70,74,68,74,73,66,76
Carlos Arboleda,71,169,60,1,36,66,60,65,62,91,83,88,40,58,47,52,41
Wilson Morelo,71,172,70,1,35,71,68,65,62,81,70,90,65,71,71,66,76
Danovis Banguero,71,185,79,0,33,68,64,61,58,77,83,68,68,69,52,60,47
Andrés Andrade,71,177,71,1,33,73,65,66,70,79,79,77,45,78,61,68,76
Rafael Carrascal,71,177,75,1,30,72,58,72,75,67,75,70,49,64,57,63,57
Michael Rangel,71,186,80,1,31,64,73,57,43,66,74,70,75,73,72,68,65
Cleider Alzáte,71,163,63,1,34,68,64,72,66,83,83,86,31,66,58,65,64
John Hernández,71,176,73,1,36,68,66,73,73,70,84,74,62,68,53,67,59
Dairon Mosquera,71,182,72,0,30,66,56,65,57,84,79,61,64,57,27,48,39
Matheus Uribe,71,182,71,1,31,69,66,72,76,73,90,67,67,63,55,64,68
Germán Mera,71,187,83,0,32,40,24,47,46,52,71,32,77,37,23,19,39
Cristian Higuita,71,175,75,1,28,69,52,71,65,79,85,75,58,69,48,58,54
Fáiner Torijano,71,181,73,1,34,51,38,60,49,66,67,59,77,62,22,28,43
Yerson Candelo,71,170,68,1,30,68,66,71,59,87,71,90,48,76,61,70,66
Santiago Montoya,71,172,63,0,31,69,67,71,67,83,58,83,46,69,66,65,65
Pedro Franco,71,183,73,1,31,67,43,66,64,59,73,66,67,69,48,47,64
Diego Chará,71,172,68,1,36,69,56,73,70,72,84,77,52,72,56,57,67
Stalin Motta,71,172,69,1,38,71,64,76,76,68,58,87,31,60,66,62,76
Brayan Angulo,71,174,73,0,33,67,45,60,63,79,80,70,38,70,51,59,34
Avimiled Rivas,71,179,70,1,38,72,49,71,75,71,78,65,57,67,55,64,53
José De la Cuesta,71,184,73,1,39,51,46,63,61,60,75,46,76,63,33,49,38
Leonardo Castro,70,174,78,1,30,67,77,62,52,75,70,78,57,73,74,56,66
Cristian Arrieta,70,174,69,1,26,62,65,56,55,85,91,77,60,41,41,45,41
Jhonathan Muñoz,70,178,76,1,34,54,29,57,60,52,53,45,66,31,40,21,38
Jarlan Barrera,70,171,73,0,27,68,61,68,70,74,60,90,49,57,57,68,65
Armando Vargas,70,170,68,1,34,72,62,73,68,72,65,76,41,68,59,66,57
Jimmy Medranda,70,172,68,0,28,70,60,59,56,74,80,80,44,69,52,58,42
Elkin Blanco,70,179,79,1,33,68,55,68,64,74,76,65,63,65,53,51,52
Mauricio Cuero,70,178,83,1,29,70,66,62,58,82,65,77,54,77,63,70,54
Jonathan Ávila,70,190,88,1,31,58,30,58,63,34,52,31,76,35,19,19,33
Luis Carlos Ruiz,70,187,76,1,35,66,73,58,53,68,69,73,75,72,72,63,71
Leonardo Pico,70,177,73,1,31,65,68,70,73,62,76,69,65,60,30,62,36
Elvis Perlaza,70,173,72,1,33,58,48,74,56,76,92,73,53,57,24,19,31
Stiven Barreiro,70,188,80,1,28,50,33,50,56,68,77,55,72,49,28,30,37
Mauricio Casierra,70,175,68,0,37,57,50,56,54,83,78,77,73,62,28,57,36
Camilo Saiz,70,187,77,1,30,45,22,61,50,55,64,39,68,33,20,17,32
Johan Mojica,70,185,73,0,30,72,61,69,59,90,73,87,55,80,54,59,67
Víctor Giraldo,70,177,74,1,37,68,43,65,63,83,76,73,57,75,52,74,70
Diego Peralta,70,188,84,1,37,51,42,51,48,49,47,30,75,68,44,45,57
Andrés Rentería,70,179,81,1,29,74,62,62,51,84,73,78,65,79,65,69,56
Sebastián Rincón,70,185,79,1,28,67,69,59,58,90,79,70,62,72,72,59,65
Jairo Palomino,70,182,70,1,34,68,54,71,64,74,81,71,74,68,32,61,62
Andrés Cadavid,70,188,87,0,37,46,25,58,55,33,48,30,74,60,30,35,41
Duvier Riascos,70,185,75,1,36,67,66,66,56,83,80,79,68,76,67,63,61
César Quintero,70,176,74,1,34,72,58,63,60,73,74,70,46,65,71,68,40
Hanyer Mosquera,70,185,82,1,35,52,32,46,50,51,62,44,66,66,35,36,35
Edwin Valencia,70,185,82,1,37,68,44,71,68,49,50,59,77,68,48,65,51
Carlos Valencia,70,170,70,1,33,65,59,66,63,87,84,76,53,54,41,49,64
Sebastián Hernández,69,177,69,1,36,68,65,71,65,70,64,68,47,63,56,68,55
Jhonier Viveros,69,170,70,1,30,70,66,66,60,73,65,89,36,65,64,64,58
Edis Ibargüen,69,188,82,1,31,67,67,59,43,78,84,65,74,62,69,51,57
Jerry Ortiz,69,176,74,1,30,68,69,64,66,74,72,73,56,73,49,74,48
Juan Camilo Roa,69,178,65,1,28,71,57,72,70,66,80,71,58,43,42,45,36
Carlos Ibargüen,69,180,79,1,27,67,68,54,34,75,72,57,60,71,73,59,68
Freddy Salazar,69,178,70,1,27,67,68,65,63,80,85,84,59,60,65,67,52
Sebastián Salazar,69,180,79,1,27,66,56,70,64,65,78,51,33,42,28,38,43
Yairo Moreno,69,175,76,0,27,69,65,65,58,82,58,70,38,51,64,53,66
Jair Palacios,69,178,72,1,32,65,67,61,57,86,88,80,53,59,56,46,37
Jhony Cano,69,177,77,0,33,70,69,70,52,78,68,74,56,72,66,65,73
Luis Tipton,69,179,78,0,30,62,50,65,59,82,82,67,60,70,45,32,49
Alexis Zapata,69,176,74,0,27,71,63,68,64,73,90,78,36,67,62,65,45
Jaime Córdoba,69,182,81,1,34,65,51,71,69,69,80,73,62,71,53,64,48
Alejandro Bernal,69,184,79,1,34,65,59,73,66,64,91,58,55,59,26,54,46
Stefan Medina,69,180,69,1,30,62,60,62,55,73,71,71,68,50,49,40,56
Cristian Bonilla,69,189,85,1,29,17,13,24,17,54,35,58,17,17,11,18,21
Javier López,69,194,80,1,34,52,21,38,45,42,66,30,76,68,25,24,40
Andrés Correa,69,180,77,1,38,61,26,60,54,55,60,47,73,36,22,25,33
Jean Carlos Blanco,69,183,69,1,30,68,71,56,49,73,82,79,59,66,75,67,67
Víctor Castillo,69,175,74,1,35,54,55,73,69,71,81,72,50,67,38,59,47
Deivy Balanta,69,185,76,1,29,58,38,61,49,68,73,46,61,40,17,24,32
Raúl Loaiza,69,180,70,1,28,63,63,70,72,61,84,61,62,50,32,57,36
Julián Quiñones,69,195,86,1,33,48,25,41,67,34,65,30,79,66,21,41,35
César Arias,69,175,66,1,34,70,68,58,54,75,70,68,71,66,70,68,69
Nicolás Carreño,69,176,76,0,29,62,56,63,49,76,79,71,53,53,24,38,37
Juan Cabezas,69,182,79,1,31,62,50,65,59,70,82,47,68,68,46,69,44
Dávinson Monsalve,69,187,82,1,38,48,40,60,32,48,52,42,75,38,25,18,37
Édinson Palomino,69,170,60,1,36,64,70,61,57,90,62,86,39,73,65,67,63
Yonatan Murillo,69,183,70,0,30,60,64,55,53,77,79,69,58,58,22,25,59
Darío Burbano,69,168,63,1,34,72,61,62,61,86,70,86,51,67,61,67,60
Cristian Nazarit,69,186,90,1,32,61,64,56,43,74,71,46,73,83,68,62,77
Marco Pérez,69,182,76,1,32,62,72,64,63,84,69,78,67,79,70,67,67
Franco Arizala,69,180,79,1,36,68,66,62,59,83,55,76,64,71,65,63,66
Yulián Anchico,69,182,75,1,38,69,67,68,59,75,74,73,63,71,48,70,59
Javier Reina,69,173,70,0,33,67,66,66,63,82,55,84,51,68,59,65,58
Luis Felipe Chará,69,170,70,1,41,71,33,71,66,48,70,63,58,69,54,60,55
Robinson Zapata,69,184,85,1,44,21,11,22,21,40,20,46,14,72,12,18,61
Luis Gabriel Rey,69,184,85,0,42,69,73,67,59,44,52,55,70,71,71,67,75
Fabián Vargas,69,177,72,1,42,70,66,73,71,55,49,68,72,70,57,66,63
Enrique Soto,68,162,60,0,27,64,57,66,53,82,83,90,36,54,41,38,46
José David Moya,68,185,77,1,30,49,20,55,43,54,60,42,68,40,30,33,36
Daniel Cataño,68,174,75,1,30,67,62,70,63,69,53,61,48,55,53,61,60
Leyvin Balanta,68,186,78,0,32,61,60,59,36,74,61,54,73,45,38,38,45
Mateo Cassierra,68,184,76,1,25,63,68,67,34,75,69,74,74,67,64,52,67
Leonardo Saldaña,68,170,63,0,33,59,52,54,47,84,74,73,48,65,30,62,38
Kevin Balanta,68,179,73,1,25,65,54,67,71,67,83,73,70,64,39,54,43
Carlos Rodríguez,68,179,72,0,28,63,65,71,68,73,63,66,44,65,59,59,62
Andres Tello,68,181,80,1,26,70,57,70,65,78,78,75,59,59,61,59,35
Fabián Viáfara,68,167,65,1,30,63,44,58,53,84,87,87,51,67,49,55,38
Didier Delgado,68,185,70,1,30,62,64,65,55,86,77,69,61,54,55,54,64
Jonathan Agudelo,68,180,70,1,30,66,72,63,47,82,75,78,60,61,65,60,61
Mauricio Gómez,68,186,72,0,29,66,66,70,64,78,82,67,53,53,63,65,35
Francisco Córdoba,68,171,75,1,34,62,59,64,59,86,85,79,50,79,36,72,62
Cristian Arango,68,180,78,1,27,69,63,52,39,76,64,69,62,74,65,67,57
Robinson Aponzá,68,175,75,1,33,69,70,66,61,77,67,72,35,58,55,65,53
Humberto Osorio,68,178,78,1,34,66,72,66,50,59,51,71,68,64,70,63,68
Jhon Freddy Pajoy,68,175,72,0,34,68,66,59,64,86,68,79,45,69,57,68,62
Francisco Nájera,68,185,78,1,39,45,30,53,55,47,47,42,77,59,45,24,45
Lewis Ochoa,68,174,70,1,38,61,60,64,54,74,72,70,63,70,50,57,33
Héctor Urrego,68,183,77,1,30,48,40,49,51,65,78,57,73,28,38,24,32
Yonni Hinestroza,68,169,68,1,38,62,56,57,59,72,75,84,43,69,34,61,34
Édison Toloza,68,174,82,1,38,60,75,60,27,92,60,80,67,75,54,56,69
Jorge Arias,68,184,77,0,30,58,46,60,67,71,71,66,60,56,27,53,55
Juan Daniel Roa,68,172,67,1,31,69,72,66,67,74,92,71,56,55,30,65,34
Luis Carlos Murillo,68,176,72,0,32,62,61,62,57,72,72,75,62,75,58,65,40
Harold Rivera,68,174,72,1,29,69,65,64,57,69,77,78,38,59,61,65,69
Fabio Burbano,68,170,70,1,30,67,68,60,55,87,74,81,55,73,62,66,64
Miguel Murillo,68,184,80,1,29,65,64,59,56,77,78,69,65,72,67,64,67
John Lozano,68,183,77,1,38,43,28,38,45,50,48,43,72,41,26,30,45
Hernán Pertuz,68,183,78,1,33,44,22,56,48,54,65,57,64,34,23,23,39
Juan David Valencia,68,183,77,0,36,65,70,61,65,77,72,68,53,74,45,70,31
Bréiner Castillo,68,187,82,1,44,23,13,25,21,44,32,38,20,25,10,9,24
Kevin Salazar,67,170,62,1,26,69,61,70,64,71,67,73,34,46,47,53,46
Jhon Pérez,67,174,67,1,34,67,68,66,67,69,55,71,46,67,65,61,58
Pablo Mina,67,183,81,1,37,21,16,27,23,44,23,39,16,16,16,13,23
Cristian Borja,67,179,72,0,29,65,58,59,64,85,78,78,58,45,48,52,46
Denis Gómez,67,174,70,1,31,69,64,63,59,73,52,75,44,53,60,51,40
Óscar Barreto,67,173,68,1,29,63,59,63,60,84,66,83,55,71,61,70,59
Dairin González,67,190,86,1,32,47,25,51,46,53,67,42,67,46,27,29,35
Juan Quintero,67,184,79,1,27,52,21,65,54,69,54,46,71,33,19,22,39
Larry Vásquez,67,186,81,1,31,70,55,68,70,43,64,43,57,44,52,61,37
Juan José Mezú,67,170,70,1,33,66,67,65,70,83,68,82,27,51,53,48,33
Jesús Murillo,67,173,73,1,29,60,36,58,50,84,85,76,56,41,35,36,39
Kevin Rendón,67,181,66,1,29,65,65,69,64,75,75,71,58,66,53,54,60
Yulían Mejía,67,184,79,0,32,66,62,67,60,73,83,70,60,80,59,74,55
Luis Payares,67,185,78,0,32,49,39,52,47,55,70,47,69,43,17,23,39
Nicolás Palacios,67,191,72,1,30,59,50,57,59,45,90,64,60,43,37,41,33
Luis Delgado,67,182,70,1,42,20,17,25,17,53,24,50,16,24,19,15,22
Elvis Mosquera,67,182,77,0,31,58,45,58,47,72,75,54,62,59,36,47,49
Fábio Rodríguez,67,174,67,0,37,62,53,52,63,75,68,75,54,48,38,36,51
Henry Obando,67,186,75,1,29,63,56,59,41,85,78,51,70,27,22,29,33
Wilmer Díaz,67,178,77,1,44,48,30,50,32,33,40,66,72,40,19,17,35
Juan Arboleda,67,183,74,1,33,66,59,63,57,78,61,64,52,56,25,38,42
Juan Pablo Nieto,67,177,75,1,29,71,65,71,70,67,70,68,38,61,60,66,61
Dairon Asprilla,67,180,75,1,30,68,63,60,55,76,72,81,60,77,63,72,65
Maicol Balanta,67,178,76,1,32,64,62,62,59,77,73,74,63,61,62,52,56
Alejandro Otero,67,185,75,1,38,19,20,25,20,45,36,35,18,25,16,20,25
Carlos Robles,67,183,78,1,30,63,29,70,65,59,75,56,47,56,42,56,61
Juan Mahecha,67,178,73,1,35,66,65,67,71,65,58,70,59,67,52,69,59
Ramiro Sánchez,68,186,80,1,39,20,13,26,23,45,35,38,15,22,13,14,22
Jefferson Martínez,67,183,79,1,29,22,13,27,24,44,42,42,15,25,13,15,22
Jean Carlos Becerra,67,167,67,1,29,68,60,67,66,85,79,87,42,53,45,46,49
Brayan Perea,67,189,78,1,29,72,62,65,47,76,58,51,70,60,63,59,62
Omar Vásquez,67,167,67,0,33,65,61,72,62,69,58,82,60,67,61,63,57
Héctor Quiñones,67,178,70,0,30,68,67,66,54,77,68,75,58,68,52,59,49
Nelson Ramos,67,188,83,0,41,16,13,21,21,18,34,19,17,51,12,12,46
Gustavo Bolívar,67,182,84,1,37,65,56,67,65,52,49,54,64,70,50,67,57
Carmelo Valencia,67,173,70,1,38,65,64,63,43,63,69,64,62,65,74,62,62
Aquivaldo Mosquera,67,182,85,1,41,46,33,59,42,50,50,54,71,58,45,36,45
Andrés Orozco,67,182,75,1,43,54,45,50,51,32,30,58,69,58,47,56,52
Anier Figueroa,66,184,76,1,35,53,29,37,21,67,55,73,69,51,43,34,38
Juan David Ríos,66,173,72,1,31,69,60,67,63,66,75,70,55,64,62,33,47
Yilton Díaz,66,178,70,1,30,63,60,61,56,85,72,76,46,62,60,55,57
Duván Vergara,66,172,72,1,26,64,70,56,49,71,85,78,42,55,67,61,61
Nicolás Benedetti,66,177,70,1,25,66,56,72,67,68,67,64,42,55,62,67,48
Cristian Dajome,66,172,69,1,28,64,62,63,43,80,76,74,47,55,66,58,55
Almir Soto,66,180,70,1,28,66,59,60,57,58,79,62,58,76,52,77,37
Miguel Medina,66,176,70,0,27,64,62,62,57,84,72,79,25,61,61,54,55
César Carrillo,66,179,65,1,30,63,45,70,60,68,65,75,45,46,33,39,40
Jorge Carrascal,66,168,54,1,24,72,61,66,47,65,48,74,46,53,68,61,56
Andrés Murillo,66,184,75,0,26,50,22,56,50,55,66,64,67,54,33,42,47
José Luis Moreno,66,187,78,0,26,50,23,53,34,53,62,42,65,34,26,21,34
Walmer Pacheco,66,173,60,1,27,56,60,60,50,88,81,75,44,34,44,31,37
Mateo Cardona,66,183,76,1,26,67,66,65,55,63,61,65,36,68,47,72,47
Jefferson Gómez,66,185,78,1,26,50,35,55,48,59,62,61,59,51,18,31,33
Luis Orejuela,66,179,70,1,27,59,52,61,53,66,81,60,54,23,32,22,32
Jhon Cano,66,175,74,1,40,60,57,66,42,67,67,69,49,21,25,26,57
Alfredo Morelos,66,177,79,1,26,61,67,57,43,79,63,48,63,70,65,60,63
Carlos Rivas,66,174,70,0,28,59,59,61,55,86,75,72,61,77,61,59,58
César Mena,66,190,83,1,34,52,34,51,47,34,54,34,64,43,23,33,33
Carlos Rivas,66,170,60,1,31,65,72,65,63,79,68,73,49,68,64,63,57
Christian Mafla,66,175,70,0,29,51,55,52,35,68,75,72,61,34,36,28,48
Miller Mosquera,66,180,72,0,30,59,26,59,49,66,76,64,59,57,16,20,37
Eliser Quiñones,66,174,80,0,34,63,64,69,56,76,67,64,42,77,67,68,61
Yamilson Rivera,66,173,68,1,33,68,64,57,47,88,80,79,57,65,67,52,64
Luis Mosquera,66,175,68,0,33,65,67,66,58,72,75,68,60,67,57,68,66
Mauricio Restrepo,66,174,70,1,41,64,65,71,66,54,61,76,49,47,40,52,51
Darwin López,66,176,77,1,30,66,68,66,57,78,75,76,51,63,65,50,52
Yair Arrechea,66,186,81,1,42,50,33,44,60,49,32,44,70,36,41,17,34
Félix Noguera,66,177,75,0,35,58,69,61,61,76,79,68,60,73,39,65,66
Henry Rojas,66,177,74,0,35,68,63,70,60,66,65,71,48,68,56,68,53
David Valencia,66,185,75,1,31,37,29,49,42,58,60,59,70,32,24,23,35
Juan Zuluaga,66,176,67,1,29,54,46,64,55,82,80,71,53,52,23,30,38
Cristian Restrepo,66,174,74,1,34,61,64,68,64,63,69,70,55,68,49,57,41
Carlos Giraldo,66,180,79,1,43,63,56,63,58,43,55,57,44,65,53,65,59
Alcatraz,66,180,75,1,35,71,59,72,65,76,78,65,61,74,47,67,61
Sergio Mosquera,66,190,85,0,28,53,23,35,45,50,52,34,79,71,32,45,38
Hárrison Mojica,66,168,67,0,29,62,54,70,63,86,74,91,42,65,56,60,62
Elacio Córdoba,66,175,72,1,29,64,48,59,62,83,77,70,54,43,22,24,31
Wilberto Cosme,66,179,78,1,38,65,67,59,49,73,56,73,66,70,63,61,69
José Valencia,66,185,82,1,31,68,63,59,31,68,68,65,65,64,62,56,64
Elvis González,66,174,69,0,40,67,54,64,60,63,54,67,57,22,34,23,36
Marco Canchila,66,179,75,1,41,60,35,61,59,44,33,61,68,65,50,51,54
Carlos Díaz,66,176,75,1,40,47,33,48,37,68,52,69,70,54,31,61,56
Carlos Sinisterra,65,170,62,0,31,64,60,66,46,79,67,80,51,61,59,50,53
Miguel Solís,65,185,83,1,39,17,8,27,17,40,28,29,13,21,5,8,15
Leonardo Ruíz,65,185,76,1,26,61,66,53,34,65,65,68,70,70,65,52,63
Kevin Londoño,65,180,72,1,29,66,56,64,58,63,71,51,37,56,58,52,45
Pablo Rojas,65,167,72,1,31,58,64,55,48,92,78,83,43,65,64,55,56
Luciano Ospina,65,190,81,1,31,42,30,48,23,53,64,41,69,37,16,18,36
Misael Riascos,65,171,71,0,31,60,63,61,49,86,64,72,59,62,66,59,55
Wilder Mosquera,65,191,85,1,37,20,20,21,22,48,21,33,17,24,13,14,21
John Varela,65,163,62,1,35,60,60,61,55,90,63,86,34,50,57,64,46
Léiner Escalante,65,177,66,1,31,67,67,59,48,72,77,72,58,61,65,56,59
Felipe Banguero,65,184,74,0,34,53,55,63,64,75,74,64,55,25,28,27,31
Arley Rodríguez,65,176,74,1,29,61,59,67,54,86,71,83,56,65,68,68,59
Ramón Córdoba,65,183,82,1,33,31,29,34,31,55,55,49,69,41,21,23,36
Stiven Vega,65,178,70,1,24,61,52,64,30,72,75,64,58,34,22,17,38
Jhon Duque,67,173,68,1,30,62,50,67,56,65,72,74,59,47,41,32,37
Gabriel Diaz,65,183,73,1,26,49,21,50,32,59,67,61,65,36,22,17,39
Mauro Manotas,65,178,66,1,27,62,66,53,45,69,64,68,63,65,67,53,69
Pedro Tavima,65,183,80,1,37,50,21,60,63,53,54,59,68,44,19,23,33
Yesus Cabrera,65,168,60,0,32,67,64,60,51,80,67,92,37,58,58,66,43
Juan Domínguez,65,173,65,0,36,68,59,64,57,68,73,80,57,67,32,59,66
Cristian Vargas,65,184,84,1,33,19,12,25,16,42,38,38,14,18,19,20,21
Juan Ortiz,65,177,74,1,35,65,44,68,69,67,78,69,55,67,50,58,42
Yessy Mena,65,168,65,0,33,53,69,60,58,92,80,79,61,70,64,62,59
Eder Chaux,65,189,79,1,31,16,17,24,24,42,34,36,11,22,12,19,24
Dager Palacios,65,178,73,1,37,59,53,68,64,62,71,67,63,59,40,55,56
Diego Novoa,65,186,88,1,33,20,13,26,22,47,38,32,13,48,15,60,60
José Chunga,65,180,80,1,31,22,17,24,24,42,33,59,12,22,12,12,23
Ray Vanegas,65,174,72,1,29,62,68,55,53,83,75,79,54,69,62,56,63
Andrés Correa,65,174,73,0,28,52,42,62,49,78,76,75,54,64,22,45,53
Janeiler Rivas,65,194,93,1,34,52,21,48,43,59,56,34,72,36,23,21,38
David Murillo,65,170,68,1,29,66,60,64,45,74,80,78,49,52,34,22,37
Néider Morantes,65,169,74,1,47,73,58,76,68,39,30,35,43,65,53,56,66
César Amaya,65,177,75,1,32,65,67,44,27,73,73,78,59,62,68,62,73
Daniel Giraldo,65,178,70,1,30,68,44,69,68,65,72,63,57,49,43,55,53
Camilo Ceballos,65,183,78,1,38,44,29,55,47,33,46,62,66,42,26,23,38
Breyner Bonilla,65,188,86,1,36,51,41,41,49,53,60,33,62,70,38,30,32
Javier Restrepo,65,172,75,1,45,64,50,64,61,55,42,65,68,71,49,66,61
Luis Cardoza,64,188,88,0,38,58,43,51,46,55,58,58,57,21,36,26,36
Alexis Hinestroza,64,181,82,1,34,55,43,68,59,62,74,52,66,46,26,33,42
Harold Isaza,64,184,68,1,26,59,65,73,70,66,56,69,42,52,55,40,58
Harold Mosquera,64,168,70,1,27,63,58,59,48,76,63,77,46,49,64,45,59
Oliver Fula,64,185,84,0,34,40,20,35,29,51,69,31,64,41,38,28,64
Luis Sierra,64,176,79,1,34,56,30,67,58,64,75,61,55,40,28,25,41
Félix García,64,185,82,1,39,33,23,32,30,49,50,42,70,33,24,21,33
Luis Caicedo,64,172,67,1,26,63,53,66,64,70,92,75,58,55,48,44,45
Deiver Parra,64,180,75,1,30,59,45,57,52,66,70,65,55,41,34,46,36
Jeison Palacios,64,185,74,1,28,39,26,63,54,52,62,35,68,32,21,23,34
Diego Valoyes,64,180,76,1,26,64,65,52,50,80,72,74,49,72,68,70,62
Omar Albornoz,64,182,72,0,27,56,45,61,47,73,78,62,58,22,29,31,39
Juan Núñez,64,184,83,1,36,62,60,58,52,85,71,72,54,61,62,58,60
Yorman Rueda,64,172,63,0,35,60,56,75,67,77,65,75,37,52,49,51,48
Cristian Flórez,64,180,80,0,28,52,46,65,60,70,69,53,54,61,30,59,36
Edwin Velasco,64,178,75,0,31,53,24,54,38,79,69,67,63,32,23,26,32
Ricardo Villarraga,64,187,81,0,32,67,53,62,62,67,64,41,68,34,28,32,36
Edwin Ávila,64,184,79,1,36,43,21,42,26,62,54,55,61,28,17,13,36
Félix Micolta,64,176,76,1,33,66,64,60,40,89,70,71,56,62,56,50,51
Edison Duarte,64,171,67,0,30,66,61,65,33,77,75,80,43,48,43,22,31
Luis Paz,64,175,70,1,34,66,67,70,73,69,68,69,61,51,57,52,61
Johnny Mostasilla,64,187,81,1,31,38,19,40,46,54,70,62,67,28,30,24,33
Mario González,64,178,76,1,39,65,52,67,67,53,33,56,66,66,61,62,38
Carlos Rentería,64,175,70,1,27,64,32,58,53,51,74,59,55,67,27,33,33
Camilo Mancilla,64,185,78,1,29,50,24,48,39,67,76,68,66,52,42,36,38
Santiago Tréllez,64,186,84,1,32,68,73,51,45,70,71,65,69,65,64,69,65
Erik Correa,64,180,86,1,30,63,59,40,27,67,60,70,66,68,61,52,68
Jhon Valencia,64,182,73,1,40,41,25,43,52,48,31,63,60,34,24,16,36
Roger Torres,64,168,62,0,31,62,55,61,52,81,65,90,52,71,56,65,61
Jhon Mosquera,63,186,78,0,32,63,63,58,50,75,73,66,61,63,59,58,58
Julian Quiñones,63,177,76,1,25,65,51,64,57,81,55,82,63,64,58,57,60
Juan Moreno,63,189,76,1,28,68,60,46,33,75,52,52,62,50,69,53,63
Diego Cuadros,63,170,75,1,26,59,57,68,63,73,73,70,45,53,39,58,54
Kelvin Osorio,63,182,76,1,29,69,58,66,60,69,60,71,57,43,53,57,46
Jesús Marimón,63,182,76,1,24,64,31,55,53,64,75,72,49,70,46,68,58
Omar Duarte,63,180,70,1,27,63,65,64,35,74,70,73,43,53,68,56,56
Déiner Córdoba,63,175,73,1,30,56,27,64,60,75,83,66,50,61,34,51,37
David Gómez,63,173,73,1,34,63,44,64,60,56,72,70,54,36,38,34,44
Eduar Caicedo,63,186,79,0,27,58,31,40,35,43,68,60,70,62,30,37,40
Harrison Canchimbo,63,166,64,0,32,55,65,56,54,73,68,74,55,21,29,27,32
Juan Campo,63,171,69,1,29,58,49,62,56,72,78,64,42,50,32,42,40
Amaury Torralvo,63,174,78,0,28,56,57,63,54,73,77,84,48,28,45,29,37
José David Lloreda,63,178,73,1,28,64,70,63,48,65,67,70,51,63,65,58,56
Carlos Ramírez,63,183,81,0,34,43,30,40,38,46,63,43,63,56,23,24,41
Jorge Ramos,63,182,80,1,30,60,60,54,45,74,64,70,66,60,59,50,58
Andrés Mosquera,63,186,78,1,31,17,15,37,24,42,33,35,11,25,15,13,25
Jhoaho Hinestroza,63,175,69,1,27,65,55,48,51,91,80,84,40,66,51,45,65
Clemente Palacios,63,186,80,1,29,59,58,61,46,71,67,60,63,71,61,69,63
José Escobar,63,190,79,1,35,21,13,22,20,43,34,32,16,18,11,20,23
Yúber Asprilla,63,163,59,1,30,53,56,56,50,90,79,90,50,66,55,63,64
Jossymar Gómez,63,174,69,1,35,58,67,62,54,74,83,74,53,69,42,67,49
Julián Guillermo,63,176,76,1,32,64,58,65,63,54,59,64,64,65,28,59,42
Sergio Romero,63,173,70,1,34,70,60,63,58,67,69,67,62,61,60,53,82
Diego Chica,63,170,70,0,41,71,62,64,66,53,48,68,43,55,53,58,59
Edwards Jiménez,63,177,75,1,41,56,71,59,54,44,49,68,73,72,66,65,64
Andrés Arboleda,63,188,80,1,35,49,22,63,56,55,62,36,76,66,24,21,37
Cristian Cangá,63,183,80,1,31,60,62,58,52,72,71,55,54,67,62,68,61
Michael Ortega,63,170,69,1,31,63,63,65,63,60,58,64,53,64,51,61,55
César Valoyes,63,174,73,1,38,61,59,58,53,73,65,75,60,63,64,62,60
Daniel Lloreda,62,178,81,1,32,62,62,46,41,81,63,70,58,54,61,52,57
Julián Pretel,62,179,70,1,28,62,49,46,25,71,66,69,45,24,29,24,33
Freddy Flórez,62,178,62,1,29,66,39,65,62,60,49,57,44,47,42,34,45
José Ramírez,62,180,78,1,35,49,22,43,23,58,62,53,64,34,24,24,31
Juan David Caicedo,62,185,78,1,26,50,24,55,51,58,61,42,63,44,25,44,55
Miguel Julio,62,181,75,1,30,60,32,69,63,62,68,66,59,65,35,59,43
Óscar Camilo,62,184,78,1,27,56,58,51,41,74,57,59,59,60,66,52,59
Yhorman Hurtado,62,170,63,1,26,54,51,64,58,66,86,63,49,42,45,44,43
Feiver Mercado,62,174,74,1,32,62,67,52,34,58,51,58,60,54,65,55,61
Jorge Segura,62,187,80,1,25,35,27,34,30,63,62,50,69,41,25,20,42
Leonardo Escorcia,62,183,77,1,26,45,21,50,39,60,55,50,70,39,20,22,36
Óscar Balanta,62,184,75,1,34,61,46,63,54,61,70,61,51,57,51,45,56
Mateo Palacios,62,175,70,1,26,55,57,66,57,82,73,87,48,50,52,50,52
Brayan Rovira,62,177,78,1,26,55,47,65,60,59,76,62,68,44,46,58,55
Germán Gutiérrez,62,170,72,0,32,57,39,56,47,67,71,77,51,30,30,23,40
Jaime Sierra,62,176,73,1,36,63,62,59,54,70,65,63,58,66,57,59,65
Rodin Quiñones,62,185,75,1,27,61,55,68,56,75,82,76,73,51,58,43,57
Wilmer Boyacá,62,170,68,0,32,60,42,58,55,70,74,79,63,53,26,49,28
Oswal Álvarez,62,176,89,1,27,69,54,63,34,80,39,69,56,58,62,52,48
Fausto Obeso,62,170,68,0,34,52,58,58,62,78,63,82,43,66,57,62,38
Andrés Ricaurte,62,182,70,0,31,65,58,58,62,70,71,61,42,55,57,58,61
Iván Arboleda,62,185,76,1,26,20,12,25,25,58,44,54,19,21,16,14,23
Jesús Arrieta,62,182,78,1,31,59,63,48,24,63,71,58,58,58,63,50,54
Cristian Montano,62,180,76,0,31,61,57,58,49,79,64,83,36,64,58,52,55
Juan Camilo Chaverra,61,185,81,1,30,13,8,23,22,23,18,32,11,19,6,6,11
Yainer Acevedo,61,175,69,1,30,56,53,62,65,79,54,66,42,51,53,49,49
Damir Ceter,61,186,84,1,25,57,63,42,20,58,62,53,71,66,62,59,60
Enrique Serje,61,180,72,1,26,55,62,58,54,63,70,69,52,45,43,58,39
Yair Ibargüen,61,182,79,1,29,46,28,35,27,55,59,47,71,37,24,23,37
Sebastián Villa,61,178,65,1,26,53,54,57,52,77,55,81,35,54,55,40,50
Iván Rojas,61,177,76,0,25,51,56,64,57,68,73,63,64,47,34,33,48
Michael López,61,176,75,0,25,66,61,60,53,60,51,63,39,55,49,59,48
Cristhian Rivera,61,183,65,1,26,54,51,65,58,58,74,63,56,63,48,54,57
Danilson,61,185,80,0,36,56,46,57,46,60,90,53,60,65,39,37,44
David Cortés,61,177,70,1,30,58,62,61,47,72,57,73,58,50,64,59,58
Juan Bolaños,61,180,80,1,27,38,31,43,20,54,64,48,64,36,29,21,34
Juan Mosquera,61,176,75,1,26,52,52,57,56,67,73,62,56,49,30,37,40
Michael Gómez,61,180,70,1,25,55,64,52,40,74,62,63,58,55,65,47,62
Jáder Obrian,61,183,73,1,27,52,57,54,61,83,65,75,51,47,55,44,59
José Quiñones,61,182,73,1,28,48,40,55,43,74,68,66,49,31,29,34,35
Ferney Otero,62,179,70,1,27,59,66,48,31,59,62,58,63,66,65,62,56
Jeison Ángulo,61,182,74,0,26,54,48,58,54,72,68,73,53,25,22,23,39
Sergio Román,61,190,76,1,27,24,12,29,23,46,32,34,13,16,13,16,23
Joao Rodríguez,61,180,69,1,26,66,58,60,56,69,66,72,53,58,60,57,61
Jose Johan Silva,61,190,77,1,28,21,17,27,19,45,28,31,14,23,20,18,23
Juan Rodríguez,61,180,70,0,30,58,58,63,62,67,76,60,42,54,56,56,37
Sebastián Ayala,61,180,75,1,27,57,58,62,61,68,76,77,58,56,37,54,47
Fabio Castillo,61,174,70,0,32,56,44,41,28,67,66,71,44,26,37,21,37
Jáiber Cardona,61,187,87,1,32,25,15,25,23,38,36,32,11,24,13,17,21
Miguel Murillo,61,173,74,0,34,53,60,54,41,87,77,65,54,55,59,51,59
Jonathan Acosta,60,180,74,1,34,58,66,63,59,64,70,60,41,48,45,46,57
César Assia,60,178,72,1,30,61,39,61,55,60,77,65,43,49,29,27,38
Luis Sinisterra,60,172,60,1,23,62,62,57,52,81,85,85,40,59,57,58,55
Gianfranco Ferrero,60,176,72,1,29,64,60,56,63,64,49,50,39,64,54,51,57
Ezequiel Palomeque,60,193,83,1,30,33,22,38,33,51,61,33,74,39,18,25,39
Juan David Jiménez,60,176,72,1,28,63,47,65,58,58,62,57,53,60,30,44,45
James Aguirre,60,180,70,1,30,20,6,24,25,35,33,40,12,23,9,7,15
Jair Mosquera,60,185,90,1,30,16,11,23,17,47,42,38,19,19,17,19,23
José Luis Díaz,60,180,76,0,27,46,44,60,33,68,65,62,63,36,21,24,35
Álvaro Angulo,60,173,68,0,25,47,57,61,44,90,70,78,56,28,29,30,37
David Contreras,60,172,62,1,28,62,54,62,57,73,73,73,46,50,41,34,34
Juan José Calero,60,185,80,1,24,57,57,61,39,62,65,54,58,61,61,57,61
Hansel Zapata,60,182,77,1,27,57,55,58,54,73,64,80,46,48,62,55,45
Jairo Molina,60,183,78,1,29,54,62,38,35,62,59,58,60,63,64,58,61
Carlos Mosquera,60,174,72,0,31,57,55,63,57,68,74,57,49,53,52,32,39
Wilfrido de la Rosa,60,166,64,1,29,63,57,43,34,82,68,91,51,65,59,54,58
Juan José Narváez,60,180,76,1,27,61,57,53,37,56,54,64,59,55,67,57,62
Brayner De Alba,59,168,65,0,29,59,56,55,48,82,60,77,35,64,50,47,50
Jorge Betancur,59,188,80,1,31,60,62,55,54,70,55,50,49,57,52,60,45
Saramys Rodríguez,59,182,72,1,29,55,58,63,61,67,44,69,39,51,45,50,46
Tardelis Peña,59,185,96,0,34,26,25,25,31,33,64,41,69,33,16,21,35
Juan Carabalí,59,190,81,1,25,25,22,44,24,63,64,44,62,30,16,16,35
Stiven Quiñones,59,173,65,0,24,47,47,50,41,77,82,65,38,28,23,20,34
Sebastián Duque,59,183,78,1,29,13,8,23,22,22,27,23,12,18,6,6,18
Diego Martínez,59,180,74,1,33,25,19,27,17,46,31,36,18,24,14,12,23
Marlon Torres,59,182,75,1,26,44,45,45,46,68,60,58,66,49,39,45,37
Juan Patiño,59,190,80,1,37,21,11,24,18,25,18,35,12,21,16,12,23
Juan Suescún,59,175,74,1,31,62,65,53,39,72,68,72,53,58,63,50,64
Esneyder Mena,58,177,64,1,25,58,49,55,49,68,54,59,35,52,48,37,51
Cristián Echavarría,58,165,64,1,25,58,58,54,55,74,73,78,43,47,54,54,40
Eddie Segura,58,182,78,1,25,44,26,46,36,69,63,61,55,36,31,22,30
Dayron Benavides,58,188,79,0,31,52,35,43,23,67,59,53,62,20,25,28,39
Daniel Rojano,58,180,75,1,25,55,60,60,60,60,55,59,30,48,43,36,40
Brahyan Rivas,58,174,70,1,25,59,48,61,58,57,71,74,52,44,38,44,44
Carlos Pérez,58,184,75,1,27,48,21,51,38,64,61,49,65,32,20,23,34
Jimmy Mican,58,176,63,0,28,52,44,43,40,66,63,63,54,29,29,31,40
Jorge Obregón,58,176,72,1,25,48,58,58,45,68,66,59,51,61,59,45,41
Duman Herrera,58,170,62,1,27,59,58,52,49,63,81,71,58,49,62,44,55
Eduard Gutiérrez,58,184,84,1,27,37,28,42,29,54,60,49,54,36,17,16,35
Ronaldo Tavera,58,174,67,1,27,64,38,64,62,60,66,63,48,49,50,40,55
Ever Valencia,62,175,73,0,25,58,58,59,58,80,73,79,48,50,50,49,43
Geovanni Banguera,58,187,80,1,27,14,7,13,23,42,27,39,16,22,16,13,21
Ronaldo Ariza,58,168,60,0,24,50,44,67,63,71,89,73,44,47,42,39,43
Danilo Arboleda,58,189,77,1,27,42,26,44,25,46,62,47,65,34,16,23,40
Brayan Silva,58,188,78,1,25,21,20,30,18,34,25,36,17,24,20,18,25
Víctor Cantillo,58,178,73,1,29,54,42,59,55,50,70,67,43,41,30,35,36
Juan David Valencia,58,183,75,1,29,23,14,28,18,50,39,62,13,19,13,16,23
Miguel Nazarit,57,184,75,1,25,35,31,35,28,67,67,51,58,41,25,20,43
Harlin Suárez,57,171,66,1,28,54,50,58,50,69,69,62,41,51,33,30,39
Cristian Mazo,57,186,70,0,30,48,39,48,27,55,67,56,58,20,23,21,37
Eduard Atuesta,57,180,71,1,25,59,28,60,58,60,62,54,41,48,33,35,37
Maurício Cortés,57,176,74,1,25,59,56,59,56,73,59,56,42,56,52,33,36
Juan Giraldo,57,173,70,1,25,55,63,59,54,61,62,63,42,47,44,46,38
Mateo Puerta,57,172,60,1,25,49,49,45,22,65,83,76,43,20,21,26,38
Carlos Rodríguez,57,170,72,0,26,57,60,51,48,65,49,59,30,49,49,46,46
Luis Hurtado,57,179,76,1,27,55,55,48,42,77,75,63,51,58,57,49,56
Dubán Martínez,57,172,72,1,33,47,58,44,33,74,52,65,59,54,58,49,64
Claudio Rubiano,57,180,72,1,27,50,58,63,56,65,71,57,47,40,60,52,59
Camilo Blanco,57,171,66,1,28,40,50,52,35,73,56,66,42,28,24,28,34
Mairon Quiñones,57,173,70,0,26,51,44,56,49,68,61,72,62,22,27,27,32
Diego Moreno,57,180,75,1,26,57,56,57,53,69,73,70,34,43,44,42,42
Marvin Vallecilla,57,175,72,1,31,54,47,56,54,67,71,67,52,53,33,44,45
Rodolfo Reyes,57,179,76,1,29,59,40,53,50,57,68,57,45,41,31,28,45
Deimer Ruiz,57,180,70,0,27,60,49,53,49,62,76,67,42,49,49,58,34
Nilson Castrillón,57,180,70,1,26,53,44,45,25,59,68,57,58,29,27,29,31
Maicol Medina,57,180,68,0,25,54,43,64,62,71,64,73,42,47,36,30,45
Pier Luigi Grazziani,57,183,75,1,28,23,16,24,25,40,42,34,14,24,13,13,23
Alejandro Peñaranda,57,178,70,1,29,54,61,46,29,71,58,56,55,54,49,52,64
William Cuesta,57,195,87,1,29,25,11,24,25,49,38,38,14,20,16,12,22
Santiago Rodas,57,185,75,1,32,16,15,27,21,44,36,34,11,23,19,17,24
Brayan Camilo Reyes,57,169,63,1,30,49,48,61,60,69,60,69,47,50,55,60,44
Moisés Galé,56,181,75,0,26,44,51,55,57,69,73,61,41,49,30,32,36
Carlos Rojas,56,177,71,1,24,50,55,47,25,73,53,57,49,58,58,51,60
Daniel Muñoz,56,178,72,1,26,52,35,43,24,67,65,59,41,27,22,29,38
Óscar Cabezas,56,177,75,0,26,45,48,42,26,65,67,65,59,21,27,20,38
Davinson Lemus,56,178,72,0,25,42,44,41,22,72,73,63,38,22,24,27,33
Anderson Machado,56,178,74,1,25,53,39,58,54,59,68,50,52,43,32,28,42
Juan Valencia,56,186,82,1,24,56,52,60,53,67,74,57,58,58,38,47,36
Carlos Paez,56,180,72,1,24,43,38,38,30,69,66,42,65,51,28,20,32
Jefferson Angulo,56,179,70,0,36,59,62,56,52,62,58,74,43,48,49,41,40
Jhon Lucumi,56,185,78,0,24,45,33,45,33,68,65,58,60,29,20,22,36
Santiago Ruiz,56,185,79,0,25,43,44,39,34,71,58,63,58,31,31,24,40
Carlos Riascos,56,178,74,1,28,48,50,53,44,67,59,62,42,59,39,45,32
Hamilton Valencia,56,175,70,1,25,56,50,53,49,69,49,77,25,53,52,35,49
Juan Jiménez,56,184,72,1,26,24,17,28,24,40,42,34,22,24,13,12,21
Esteban Ruiz,56,188,84,1,25,20,17,27,17,46,36,36,16,25,14,12,23
Juan Pablo Vacca,55,185,77,1,24,48,24,48,20,56,58,46,46,36,16,21,32
Cristian Tovar,55,182,70,1,24,36,22,38,23,68,63,46,52,38,20,15,33
Mateo Rodas,55,185,78,1,24,43,28,43,28,62,59,50,58,33,24,16,30
Luis Rodríguez,55,182,70,1,27,35,21,40,25,63,63,45,53,34,19,16,32
Camilo Velásquez,55,176,71,0,25,49,58,51,54,71,56,64,48,52,41,39,49
Sebastián Rodríguez,55,186,71,1,25,42,44,51,23,74,71,67,39,21,26,26,35
Johan Jiménez,55,185,79,1,25,53,57,45,27,62,51,54,60,48,53,51,63
Yosimar Quiñones,55,189,82,1,34,37,22,42,26,55,59,42,58,35,31,27,39
Andrés Curbelo,55,187,79,1,25,43,25,45,20,45,62,47,62,33,21,15,34
Duvan Sánchez,55,178,66,1,25,57,55,61,55,63,44,49,44,58,53,44,49
Sebastián Gutiérrez,55,170,63,1,25,51,56,48,42,71,40,75,53,46,58,48,56
Fabián Hernández,55,189,83,1,38,50,53,38,22,48,32,53,69,52,57,48,58
William Pérez,55,170,63,1,25,44,63,52,53,65,74,65,42,53,38,32,42
Neider Barona,55,175,65,1,25,52,59,49,44,78,66,72,30,55,46,35,51
Tomás Sierra,55,178,78,1,26,55,39,61,53,63,45,56,38,41,44,38,39
Carlos Mestre,55,172,68,1,27,60,46,60,58,64,49,58,48,54,38,39,41
Anderson Arroyo,55,176,68,1,23,40,43,48,45,70,80,60,40,26,20,33,34
Darlyn Dávila,54,184,67,1,25,47,35,55,43,60,73,56,44,40,33,33,37
David Camacho,54,178,72,1,25,46,45,62,58,67,65,62,39,49,53,43,48
Jhorman Yepes,54,168,65,1,26,42,55,41,39,72,58,61,46,48,57,46,62
Juan Pablo Otálvaro,54,174,68,1,25,57,48,48,43,74,45,73,30,53,50,44,40
Jhon Ramos,54,178,70,1,24,48,48,47,37,71,60,64,43,55,58,45,56
Eber Díaz,54,178,72,1,26,55,52,41,37,65,76,54,54,43,58,51,60
Juan Giraldo,54,182,78,1,25,46,39,56,52,64,66,51,41,49,33,27,44
Humberto Acevedo,54,184,78,1,25,18,7,27,28,16,21,26,12,16,9,5,19
Iván Angulo,54,170,62,1,23,47,48,55,47,87,53,72,48,47,47,38,43
Julián Guerrero,54,177,73,1,26,43,44,32,26,64,73,54,41,23,26,29,32
Juan David Díaz,54,180,76,1,25,48,45,50,48,73,76,71,36,52,48,44,37
Brayan Torres,54,179,67,0,24,54,50,43,45,75,63,67,35,52,40,36,50
Isaac Fara,54,189,88,1,25,30,42,39,23,65,73,51,53,24,23,20,38
Anderson Peña,54,178,70,1,24,42,28,45,29,64,68,40,51,36,16,15,35
Javier Orobio,54,185,80,1,26,14,8,21,24,16,26,25,12,20,7,9,19
Julio Quiñones,54,165,62,1,26,54,58,43,40,89,68,90,41,48,54,43,58
Santiago Londoño,54,184,70,1,27,25,18,26,21,49,43,37,15,25,18,11,21
Yeison Guzmán,53,166,61,1,24,44,57,35,25,65,51,56,48,52,59,48,63
Jeferson Torres,53,178,71,1,25,54,32,48,44,59,68,57,42,42,26,30,40
José Guzmán,53,178,73,1,24,42,57,59,54,74,59,65,45,45,48,43,37
Juan Manuel Ramírez,53,178,73,1,25,46,46,54,49,68,73,50,48,53,29,33,37
Víctor Cabezas,53,186,79,1,25,16,5,15,22,20,16,35,14,20,9,7,18
Daniel Rodríguez,53,191,76,1,26,12,7,21,23,25,18,22,11,15,5,8,12
Sergio Rengifo,52,185,70,1,28,45,32,56,52,61,40,50,54,44,34,25,41
Jhon Arboleda,52,178,71,1,22,46,51,47,30,73,54,71,43,51,49,47,61
Diego Agamez,52,185,80,1,24,16,4,25,29,28,24,21,12,15,6,7,19
Edwin Torres,51,180,75,1,25,51,42,46,41,62,49,50,36,51,48,36,49
Victor Arboleda,51,170,65,1,25,51,53,43,30,74,62,77,49,49,49,42,57
Juan Trejos,50,171,64,0,25,50,40,59,58,65,46,60,38,49,37,36,42
Duván Sevillano,49,185,74,1,23,53,44,54,46,62,55,52,41,42,26,27,40
Sebastián Osorio,49,178,72,1,25,51,25,58,55,64,46,53,46,49,31,30,43
Sebastián Arango,49,180,70,1,26,21,12,23,22,46,42,38,13,22,18,17,22
Cristian Cañizales,48,180,75,1,23,28,26,32,24,60,61,48,48,33,17,17,31
